"station","param","doystr","doyend","yr","upr","lwr","avg"
"18","chl",32,121,1991,2.58701839774812,1.36388269973672,1.87840081893862
"18","chl",32,121,1992,3.49722130818124,1.92733596382794,2.59621270328975
"18","chl",32,121,1993,2.64030090061894,1.27100368668622,1.83189305873668
"18","chl",32,121,1994,2.65866808913931,1.44193548834291,1.95796523703941
"18","chl",32,121,1995,2.29836656704723,1.33809332208664,1.75369009664567
"18","chl",32,121,1996,2.83426178420453,1.57576160787251,2.11331987787219
"18","chl",32,121,1997,3.72930857854853,2.05833423131933,2.77058901794894
"18","chl",32,121,1998,4.76922731635317,2.61707671634249,3.53290726804037
"18","chl",32,121,1999,3.60613124837199,1.7107724799293,2.48380154173555
"18","chl",32,121,2000,3.26244011604373,1.7703619941319,2.40326860537375
"18","chl",32,121,2001,5.27447422963923,2.97166121723461,3.95903403742912
"18","chl",32,121,2002,6.57378754049654,3.28833604175597,4.6493894760776
"18","chl",32,121,2003,9.83071953084749,5.45956976071264,7.3260834745901
"18","chl",32,121,2004,4.7051662366904,2.44081859301604,3.38887256085933
"18","chl",32,121,2005,3.92813654976401,2.27840892960184,2.99163857972143
"18","chl",32,121,2006,6.04224717243481,2.99862689578234,4.25657666232241
"18","chl",32,121,2007,8.89081761569653,4.39371805030173,6.25009966640744
"18","chl",32,121,2008,9.16780580867522,4.47081606738833,6.40215381821784
"18","chl",32,121,2009,5.42549373915319,2.89079994952445,3.96030516845473
"18","chl",32,121,2010,4.78950627707239,3.28221132992366,3.96486718155192
"18","chl",32,121,2011,3.87425492628178,2.39799795709299,3.04802483560767
"18","chl",32,121,2012,4.69167640564644,3.19745532710145,3.87316740101308
"18","chl",32,121,2013,5.6340597068001,3.56751351991241,4.48325597930824
"18","chl",32,121,2014,5.24448359418328,3.53472493756606,4.30555535848928
"18","chl",32,121,2015,4.80895830076664,3.26352571499666,3.96158542466252
"18","chl",32,121,2016,3.64468018336646,2.10731247784588,2.77136789837902
"18","chl",32,121,2017,4.285782301991,2.70183030798559,3.40286004956824
"18","chl",32,121,2018,5.52010709995168,3.70671945262722,4.52343767150345
"18","chl",32,121,2019,4.68849951893747,3.04528945865638,3.77860267320286
"21","chl",32,121,1990,4.23532065271139,2.44810057384525,3.22001411803138
"21","chl",32,121,1991,4.60387072158156,2.77838371666564,3.57649541401578
"21","chl",32,121,1992,4.5450617357165,2.69485663804529,3.49975567558955
"21","chl",32,121,1993,4.44130354997361,2.43211553780895,3.28660362258926
"21","chl",32,121,1994,3.85641643820191,2.51926595209887,3.11694379639359
"21","chl",32,121,1995,8.14250572891162,5.5876819412335,6.74520068032299
"21","chl",32,121,1996,4.64140028655052,3.01703922609902,3.74209656857625
"21","chl",32,121,1997,5.79647376699284,3.82856408294946,4.71085674501651
"21","chl",32,121,1998,7.18504059454444,4.72290575921413,5.82531283315851
"21","chl",32,121,1999,7.40615327339346,4.11275911354303,5.5190329199458
"21","chl",32,121,2000,6.40891158996055,3.68684385194446,4.86093162810398
"21","chl",32,121,2001,10.8718229801538,6.64882313319742,8.50204846672105
"21","chl",32,121,2002,10.9101467389341,6.75455301491749,8.58447229296359
"21","chl",32,121,2003,13.887072939453,9.17478451306573,11.2876437637227
"21","chl",32,121,2004,8.2044776744358,4.91162191604801,6.34801483579595
"21","chl",32,121,2005,6.9579530748646,3.95408653102973,5.24522149550036
"21","chl",32,121,2006,15.3903037203624,9.20426588027824,11.9019514122874
"21","chl",32,121,2007,11.567371806749,6.67065771140324,8.78418908854761
"21","chl",32,121,2008,14.3356763083558,8.23809468908908,10.8673206845278
"21","chl",32,121,2009,6.52260410178109,3.98456229828655,5.09801161146247
"21","chl",32,121,2010,6.03608471845498,3.71518972775669,4.73552530791179
"21","chl",32,121,2011,5.73357437845983,3.14239917013153,4.24466481229786
"21","chl",32,121,2012,5.88803274111231,3.60008381446686,4.60406465748792
"21","chl",32,121,2013,6.46081037565168,3.69257918818658,4.88436832476333
"21","chl",32,121,2014,6.16309671792534,3.71587328754121,4.78552885924551
"21","chl",32,121,2015,6.02392564123139,3.65801300514266,4.69420902151116
"21","chl",32,121,2016,5.69965142664931,2.89101731337515,4.05928453728567
"21","chl",32,121,2017,10.3639257859834,5.44316453637519,7.51082906847767
"21","chl",32,121,2018,6.1093531387332,3.66367737840431,4.73103571018653
"21","chl",32,121,2019,6.78460656847384,3.90795304501057,5.149167301464
"22","chl",32,121,1990,3.67191403130142,1.98987535189585,2.70308180141986
"22","chl",32,121,1991,4.50397281917176,2.53084145147069,3.37621698163154
"22","chl",32,121,1992,4.88877226248331,2.70844526481462,3.63881465385089
"22","chl",32,121,1993,4.86390572385872,2.49216902337537,3.48161961989228
"22","chl",32,121,1994,3.52808334435804,2.10855545272287,2.72748224071338
"22","chl",32,121,1995,6.34065926194271,4.14482313035032,5.12649111679423
"22","chl",32,121,1996,3.821489597617,2.34567933082495,2.99399217802799
"22","chl",32,121,1997,5.79960231173054,3.61994578516897,4.58194783296419
"22","chl",32,121,1998,6.04037272411178,3.83579207550021,4.81348250523626
"22","chl",32,121,1999,6.92664995557181,3.129779942322,4.65605950331761
"22","chl",32,121,2000,5.54694001160785,3.05938319041777,4.11949208395511
"22","chl",32,121,2001,9.21535023976608,5.28181636816095,6.97666021350706
"22","chl",32,121,2002,9.87444332861833,5.75906270690067,7.54105684405375
"22","chl",32,121,2003,15.0098725054549,8.77103240577025,11.4739739476707
"22","chl",32,121,2004,7.3208802610822,4.09433530966439,5.47486424952929
"22","chl",32,121,2005,6.30574168471938,3.34280166551017,4.59117020006412
"22","chl",32,121,2006,11.3898893493273,6.35568707737122,8.50826495533652
"22","chl",32,121,2007,9.13434000255647,4.8839274816805,6.67918065076092
"22","chl",32,121,2008,10.5813007319703,5.67386922236597,7.74834927940943
"22","chl",32,121,2009,5.88333922592834,3.36858403261626,4.45179992530292
"22","chl",32,121,2010,5.27399519774617,3.04942252324417,4.01031666374224
"22","chl",32,121,2011,6.3055944697909,3.24055536200534,4.52035706219234
"22","chl",32,121,2012,5.26490785896541,3.02011975169904,3.9875621895761
"22","chl",32,121,2013,6.22880633588732,3.32103592767928,4.54819630491452
"22","chl",32,121,2014,5.67552027355715,3.21844884511563,4.27391760213746
"22","chl",32,121,2015,5.81998910588801,3.31399883489631,4.39174647674728
"22","chl",32,121,2016,5.99226823327876,2.81174341059371,4.1047193228565
"22","chl",32,121,2017,11.3017226750221,5.58333801016519,7.943635049006
"22","chl",32,121,2018,6.16684544754741,3.45771283341718,4.61770296204563
"22","chl",32,121,2019,7.03108530664857,3.76735047776236,5.14670405105932
"24","chl",32,121,1990,4.3828534321688,2.45556235475163,3.28060511101651
"24","chl",32,121,1991,4.84989778974171,2.93112554770978,3.77036593917528
"24","chl",32,121,1992,5.38096455346172,3.28666221660057,4.20540282098274
"24","chl",32,121,1993,6.41679746750895,4.00314956962223,5.0682738699099
"24","chl",32,121,1994,4.06548122238228,2.6364280174158,3.27388891060257
"24","chl",32,121,1995,9.30419677151597,6.26166161529526,7.63280628506682
"24","chl",32,121,1996,5.7674258052536,3.65523842547573,4.59143947139056
"24","chl",32,121,1997,7.11811270380982,4.58645272716583,5.71374548108876
"24","chl",32,121,1998,7.03910292738905,4.6085021665242,5.69558786178032
"24","chl",32,121,1999,7.12571798301507,3.82449008043514,5.22036758686775
"24","chl",32,121,2000,6.18340255027124,3.54466880970436,4.68167856198958
"24","chl",32,121,2001,12.4609271995867,7.40432904941249,9.60545705557598
"24","chl",32,121,2002,11.8686088758186,7.16611401675849,9.22235351872982
"24","chl",32,121,2003,15.7757695663878,10.1670423559841,12.6646325402559
"24","chl",32,121,2004,8.79546735056537,5.10790241914069,6.70271504372861
"24","chl",32,121,2005,6.65530126853252,3.66353509601689,4.93780616993363
"24","chl",32,121,2006,14.7864977681167,8.85668149838063,11.443745069195
"24","chl",32,121,2007,11.5340707629206,6.43544142534647,8.61549979923261
"24","chl",32,121,2008,10.9323500312781,6.0866833969986,8.15731288020497
"24","chl",32,121,2009,6.26031933515754,3.71633457152801,4.8234262898951
"24","chl",32,121,2010,4.75151667147759,2.84371803128673,3.67586365833124
"24","chl",32,121,2011,6.10965940258828,3.24090646782483,4.44981288079118
"24","chl",32,121,2012,4.80100105410539,2.85297471590128,3.70096401203498
"24","chl",32,121,2013,6.03872453094959,3.34390166653982,4.49365119060405
"24","chl",32,121,2014,5.21121913321319,3.05373878111275,3.98919816052924
"24","chl",32,121,2015,5.22474499302476,3.08236044625231,4.01304713506511
"24","chl",32,121,2016,6.68808912686878,3.26478696148524,4.67281351849744
"24","chl",32,121,2017,12.5458537993419,6.43067025784823,8.98210715181799
"24","chl",32,121,2018,5.62663942817575,3.27527559789366,4.2928772189815
"24","chl",32,121,2019,8.85267525435127,4.93497713535876,6.60967094241308
"27","chl",32,121,1990,7.96844394809136,4.2655592457303,5.8300831689492
"27","chl",32,121,1991,6.1191005454983,3.57550888041071,4.67748846503711
"27","chl",32,121,1992,6.44217537771031,3.97494427537801,5.06036442745093
"27","chl",32,121,1993,10.0242836192596,6.09268611376976,7.81503765874181
"27","chl",32,121,1994,7.06848141497075,4.48686339484967,5.6316347997724
"27","chl",32,121,1995,14.5549026481302,9.59841350289863,11.8196435695493
"27","chl",32,121,1996,5.44042954990182,3.3660926551948,4.27936793802885
"27","chl",32,121,1997,11.932151100979,7.51160453175205,9.46729107420197
"27","chl",32,121,1998,11.93372456534,7.64344366279012,9.5506414131424
"27","chl",32,121,1999,9.35977133349333,4.86268352020308,6.74637723643195
"27","chl",32,121,2000,8.47147521789935,4.70772749411325,6.31517195324116
"27","chl",32,121,2001,11.8478450801238,6.8504272152748,9.00903992549927
"27","chl",32,121,2002,18.1379906495867,10.5854234035954,13.8563455036431
"27","chl",32,121,2003,21.2143682798623,13.3735575074017,16.8437399105406
"27","chl",32,121,2004,11.5430668687826,6.51517514936591,8.67208754631557
"27","chl",32,121,2005,8.17350420664271,4.34951639753012,5.96244837060028
"27","chl",32,121,2006,22.6298278151497,13.213689814632,17.292296704253
"27","chl",32,121,2007,15.1877938651483,8.23788199162754,11.1854929964779
"27","chl",32,121,2008,14.2773122056784,7.69110572835238,10.4789464017414
"27","chl",32,121,2009,5.44191761449062,3.14163009290934,4.13479045911847
"27","chl",32,121,2010,6.02992480814988,3.50768736796391,4.5990315371086
"27","chl",32,121,2011,7.74498396260617,3.92499704814122,5.51353236964564
"27","chl",32,121,2012,5.66401652455238,3.27190289774181,4.30489396844341
"27","chl",32,121,2013,6.56519156362838,3.50750715614899,4.79869319616451
"27","chl",32,121,2014,5.79027797686606,3.28838849078655,4.36356316071868
"27","chl",32,121,2015,5.33330357725096,3.0565853273439,4.03753606305826
"27","chl",32,121,2016,7.18761204104543,3.29854428953042,4.86915358695436
"27","chl",32,121,2017,9.26363852161783,4.90609210525502,6.74153274981628
"27","chl",32,121,2018,6.17061179659585,3.48724916868744,4.6387995061192
"27","chl",32,121,2019,8.84497161608577,4.78342121087417,6.50455416135223
"30","chl",32,121,1990,10.1275764725195,5.34851839014159,7.3598593064566
"30","chl",32,121,1991,6.3165924229645,3.88487124662385,4.95370046335231
"30","chl",32,121,1992,6.11729899419625,3.78742650045249,4.81340007913431
"30","chl",32,121,1993,10.9069911005937,6.57075678183899,8.46564739070107
"30","chl",32,121,1994,8.69271036038861,5.47694321577729,6.89996239374153
"30","chl",32,121,1995,18.7263919697137,12.2612749626281,15.1528690682197
"30","chl",32,121,1996,7.73639931304505,4.74893121369551,6.06132231277401
"30","chl",32,121,1997,16.6380001720166,10.3893063087779,13.1475199240229
"30","chl",32,121,1998,19.8339215802337,12.6059165678354,15.8121712820667
"30","chl",32,121,1999,10.1145515098894,5.18978061393535,7.24515723395113
"30","chl",32,121,2000,8.64165395945702,4.75374093641774,6.40938251202308
"30","chl",32,121,2001,9.11169028568278,5.20943466303122,6.88961212355534
"30","chl",32,121,2002,20.6214650931678,11.9130293524747,15.6736759870153
"30","chl",32,121,2003,26.3459968255988,16.486154243577,20.8409253001783
"30","chl",32,121,2004,12.5089529852712,6.98847677206307,9.34978755803556
"30","chl",32,121,2005,10.2862034993332,5.10464364316304,7.24619923167673
"30","chl",32,121,2006,33.4875852698509,19.3736955005084,25.4711263996197
"30","chl",32,121,2007,16.9603270830265,9.0997775980187,12.4231720766153
"30","chl",32,121,2008,19.9985651344802,10.6573641388957,14.5990407525145
"30","chl",32,121,2009,7.03134864561395,4.02054897744855,5.31694288169502
"30","chl",32,121,2010,9.39459417716758,5.41379786616605,7.13165015335482
"30","chl",32,121,2011,11.6383158270572,5.82249135137042,8.23188880194321
"30","chl",32,121,2012,8.74213032995365,5.00137753852347,6.61231383640212
"30","chl",32,121,2013,11.9499078707721,6.3023495984071,8.67827731006348
"30","chl",32,121,2014,6.27142143036393,3.5255775530837,4.70216786395585
"30","chl",32,121,2015,6.13514281682095,3.48171440440238,4.62177618653168
"30","chl",32,121,2016,8.50304044390258,3.8571264656432,5.72689290406335
"30","chl",32,121,2017,12.0452819179422,5.81802526923289,8.37136515591225
"30","chl",32,121,2018,7.43824248304192,4.16081524421991,5.56319626776236
"30","chl",32,121,2019,9.51350879852414,5.08952860169409,6.95839601722674
"32","chl",32,121,1990,14.5918313392893,6.61131686419514,9.82197641072989
"32","chl",32,121,1991,6.64230449912928,4.02745682067392,5.17219436603181
"32","chl",32,121,1992,5.41095341829392,2.98268653524389,4.01735956861932
"32","chl",32,121,1993,11.2802657866739,6.7039397877104,8.69610387606032
"32","chl",32,121,1994,11.529761694616,6.95982528955871,8.95796444650088
"32","chl",32,121,1995,19.587969817396,12.6889781810713,15.7655105094767
"32","chl",32,121,1996,5.82040254272982,3.52785314640403,4.53139332034943
"32","chl",32,121,1997,18.3410869448123,11.3065127229425,14.4004768287065
"32","chl",32,121,1998,24.8478592446491,15.5597547854786,19.662822706591
"32","chl",32,121,1999,17.7157046858642,8.29527641299307,12.1225685075482
"32","chl",32,121,2000,10.2838498440877,5.56073729370197,7.56212849341039
"32","chl",32,121,2001,8.28146356301363,4.64986609173231,6.20545700263677
"32","chl",32,121,2002,22.5115441916554,12.7659016169712,16.9522906533829
"32","chl",32,121,2003,30.2138659887191,18.6954595952194,23.7668279500541
"32","chl",32,121,2004,11.3720222848989,6.26447934810395,8.44036721653313
"32","chl",32,121,2005,10.3777829330655,5.35212068034814,7.45272746397073
"32","chl",32,121,2006,34.4682181293821,19.6769957299906,26.0428681399003
"32","chl",32,121,2007,18.1096518713519,9.57690328670556,13.1694489075224
"32","chl",32,121,2008,21.7462128677192,11.4003453614447,15.7452957100047
"32","chl",32,121,2009,9.06133163503703,5.10909447034593,6.80405756519875
"32","chl",32,121,2010,12.1032763000228,6.88419496072538,9.12805092628671
"32","chl",32,121,2011,13.5898270444711,6.64057357883497,9.49969717477624
"32","chl",32,121,2012,12.9418711340167,7.29551989051308,9.71687595262365
"32","chl",32,121,2013,19.1406180721848,9.86972714403073,13.7445508380801
"32","chl",32,121,2014,8.51907760508993,4.71776299914966,6.33963635488485
"32","chl",32,121,2015,8.17275622560908,4.57104896900495,6.11212474668172
"32","chl",32,121,2016,10.4063264774363,4.50932925319811,6.85022279951779
"32","chl",32,121,2017,10.6568207496059,5.48585126441195,7.64602730729082
"32","chl",32,121,2018,12.6970020967996,6.99408217362237,9.42358084932005
"32","chl",32,121,2019,10.5418868362271,5.53540842351828,7.63895602769304
"34","chl",32,121,1992,7.00272136266462,2.61421756754785,4.2786256212621
"34","chl",32,121,1993,13.7638548186186,7.68423076246712,10.2841935321813
"34","chl",32,121,1994,12.5774245459574,7.15767791736497,9.48815861639778
"34","chl",32,121,1995,17.7658213161022,10.0872639134543,13.3868789586967
"34","chl",32,121,1996,7.64080718541784,4.29590902479119,5.72924188218004
"34","chl",32,121,1997,25.7693102259058,15.0108801518866,19.6677407802182
"34","chl",32,121,1998,26.7724764780909,15.5097236792063,20.3772842249217
"34","chl",32,121,1999,25.203107608377,10.7527909284373,16.4621914355223
"34","chl",32,121,2000,15.7652097255962,7.33060935032709,10.750283429953
"34","chl",32,121,2001,8.56378912155177,4.49399970613549,6.20368163235832
"34","chl",32,121,2002,24.7554331907597,13.1691560529919,18.055696133036
"34","chl",32,121,2003,37.9798803026817,21.0903975497758,28.3021337442331
"34","chl",32,121,2004,9.58799981363355,4.91945414124859,6.86787633766584
"34","chl",32,121,2005,13.4127626946491,6.40660877468336,9.26986101148687
"34","chl",32,121,2006,39.1348420649357,20.9044829618959,28.6023362535814
"34","chl",32,121,2007,20.777446291146,10.1825783611833,14.5453764133099
"34","chl",32,121,2008,25.3900993096421,12.3378039642092,17.6990979406909
"34","chl",32,121,2009,11.3273065340305,5.96897285578841,8.22267506538006
"34","chl",32,121,2010,14.6935395035344,7.80643254245659,10.7100011645313
"34","chl",32,121,2011,14.9889091351998,6.75924509468895,10.065471203418
"34","chl",32,121,2012,17.7572989406046,9.35749058047932,12.890452186462
"34","chl",32,121,2013,26.0376736375065,12.3446369026073,17.9283470192767
"34","chl",32,121,2014,12.255220254484,6.33150955911861,8.80874816250126
"34","chl",32,121,2015,11.9289412011591,6.2308137906939,8.6213114631452
"34","chl",32,121,2016,13.4935274160358,5.33022161293298,8.48077186744565
"34","chl",32,121,2017,10.0361271690274,4.77770178961967,6.92456660999898
"34","chl",32,121,2018,15.6490943759382,8.03882847514076,11.2160770984983
"34","chl",32,121,2019,13.5926831319566,6.61352480069778,9.48132622586216
"36","chl",32,121,1992,6.17936482158798,2.37037953808293,3.82719739906915
"36","chl",32,121,1993,14.1465520404718,8.01498631259449,10.6482121022633
"36","chl",32,121,1994,12.0791174864444,7.19481776778272,9.3223950308172
"36","chl",32,121,1995,21.7026869513589,13.2401855788223,16.9513304137191
"36","chl",32,121,1996,6.90907395476176,3.90562723293194,5.19463833120828
"36","chl",32,121,1997,27.0279091566165,15.5324117161833,20.4892316314733
"36","chl",32,121,1998,33.0848345272464,19.9200512676612,25.6720003109387
"36","chl",32,121,1999,27.5448263229813,9.97056981760966,16.5721939998063
"36","chl",32,121,2000,16.539292986376,7.84490858336957,11.3907524559041
"36","chl",32,121,2001,8.10904897289165,4.32454940656313,5.92182260148934
"36","chl",32,121,2002,25.6906774869998,13.9040631898865,18.8998625172312
"36","chl",32,121,2003,29.7009255519457,17.1494271983092,22.5688692777351
"36","chl",32,121,2004,10.8860971210634,5.52098987447701,7.75255003066503
"36","chl",32,121,2005,13.1320233737284,6.38662843762031,9.15802128858348
"36","chl",32,121,2006,37.5876571267306,18.9270687332871,26.672535874207
"36","chl",32,121,2007,23.0488558061984,11.4994937584803,16.2803615894578
"36","chl",32,121,2008,24.9292022179726,12.2218157482438,17.455088549153
"36","chl",32,121,2009,9.98240380420943,5.21444605066216,7.21475613537802
"36","chl",32,121,2010,13.3541638050201,6.64631249441809,9.42103740305764
"36","chl",32,121,2011,19.5847098813609,7.51690479325875,12.1332765394095
"36","chl",32,121,2012,19.3690674039873,9.11256925924126,13.2854043297804
"36","chl",32,121,2013,13.0245479362056,5.2042569368313,8.23304888519981
"36","chl",32,121,2014,13.7622934059942,6.95755837414569,9.78529303262428
"36","chl",32,121,2015,13.2310897010521,5.8954108785808,8.83191429753826
"36","chl",32,121,2016,18.1419772639292,7.50375803412554,11.6676050519861
"36","chl",32,121,2017,9.26340311160963,4.49674928761988,6.45408408242923
"36","chl",32,121,2018,17.7432566152513,8.85692196707551,12.5359738067322
"36","chl",32,121,2019,11.090361176341,4.54535756361463,7.09997584898003
"18","do",182,305,1993,7.97759238991738,7.26655652519082,7.6220744575541
"18","do",182,305,1994,7.88806672804422,7.14107990369158,7.5145733158679
"18","do",182,305,1995,7.32218966482196,6.42619459521297,6.87419213001746
"18","do",182,305,1996,7.56927749703669,6.83997729110283,7.20462739406976
"18","do",182,305,1997,7.81852575158699,7.0989590943731,7.45874242298004
"18","do",182,305,1998,7.64146132692903,6.81960146397682,7.23053139545293
"18","do",182,305,1999,7.84556891710969,6.95531067963696,7.40043979837332
"18","do",182,305,2000,7.53132241845063,6.64416597378292,7.08774419611677
"18","do",182,305,2001,7.9943665028738,6.97469612570476,7.48453131428928
"18","do",182,305,2002,7.57589522227957,6.85701080733723,7.2164530148084
"18","do",182,305,2003,7.22487246873456,6.49157146330676,6.85822196602066
"18","do",182,305,2004,7.54043828605699,6.79426325266222,7.1673507693596
"18","do",182,305,2005,7.6187908897208,6.65493465888641,7.13686277430361
"18","do",182,305,2006,7.35231900034527,6.60442088526664,6.97836994280596
"18","do",182,305,2007,8.22376774148418,6.15946376819699,7.19161575484059
"18","do",182,305,2008,7.56411683195292,6.83406212810777,7.19908948003035
"18","do",182,305,2009,7.42995718497535,6.51573490932868,6.97284604715202
"18","do",182,305,2010,7.55321714692588,7.03564076402043,7.29442895547316
"18","do",182,305,2011,7.52045556943371,6.96774021869179,7.24409789406275
"18","do",182,305,2012,7.5258492566582,7.01079908340101,7.2683241700296
"18","do",182,305,2013,7.4110593009272,6.75643897580426,7.08374913836573
"18","do",182,305,2014,7.40056778893472,6.83616448732744,7.11836613813108
"18","do",182,305,2015,7.58000927433822,6.87857779282341,7.22929353358082
"18","do",182,305,2016,7.44556375944014,6.90041929582037,7.17299152763025
"18","do",182,305,2017,7.30195982117752,6.77663285837332,7.03929633977542
"18","do",182,305,2018,7.20519611514012,6.58893210896209,6.89706411205111
"18","do",182,305,2019,7.51059285133826,6.8621902645181,7.18639155792818
"21","do",182,305,1993,7.80214614263843,7.1190150192368,7.46058058093762
"21","do",182,305,1994,7.63211722902816,6.91300218278758,7.27255970590787
"21","do",182,305,1995,7.18892360122118,6.444015549121,6.81646957517109
"21","do",182,305,1996,7.38189065636222,6.67970434681324,7.03079750158773
"21","do",182,305,1997,7.3964327473173,6.59705288929157,6.99674281830443
"21","do",182,305,1998,7.70354973295774,6.92189640382271,7.31272306839023
"21","do",182,305,1999,7.87454288678925,7.00991653064561,7.44222970871743
"21","do",182,305,2000,7.06975344558589,6.26114935277344,6.66545139917967
"21","do",182,305,2001,7.41643134883271,6.59172674224761,7.00407904554016
"21","do",182,305,2002,7.44074356550717,6.74834517374872,7.09454436962794
"21","do",182,305,2003,7.23808260834245,6.66444433398709,6.95126347116477
"21","do",182,305,2004,7.59090610171985,6.99367051704743,7.29228830938364
"21","do",182,305,2005,7.49983765432297,6.82255977675738,7.16119871554017
"21","do",182,305,2006,7.16218385193625,6.60913936065799,6.88566160629712
"21","do",182,305,2007,7.55441780883652,6.9510564386408,7.25273712373866
"21","do",182,305,2008,7.26197205737137,6.75646596582372,7.00921901159755
"21","do",182,305,2009,7.37533598218441,6.76864760525128,7.07199179371785
"21","do",182,305,2010,7.45191392340942,6.94930621982887,7.20061007161915
"21","do",182,305,2011,7.55198774919219,7.01814820067265,7.28506797493242
"21","do",182,305,2012,7.42834982010889,6.92886929359533,7.17860955685211
"21","do",182,305,2013,7.32989523080781,6.67733506507542,7.00361514794162
"21","do",182,305,2014,7.20240405369564,6.65796973370094,6.93018689369829
"21","do",182,305,2015,7.37237939151917,6.71656129200239,7.04447034176078
"21","do",182,305,2016,7.51249643526365,6.98592368985317,7.24921006255841
"21","do",182,305,2017,7.21484412861748,6.70436474458919,6.95960443660334
"21","do",182,305,2018,7.14465674650358,6.55662384723121,6.8506402968674
"21","do",182,305,2019,7.52068063770001,6.89708706095909,7.20888384932955
"22","do",182,305,1993,7.79473518615152,7.08908976948206,7.44191247781679
"22","do",182,305,1994,7.61791124938095,6.87381304738078,7.24586214838087
"22","do",182,305,1995,7.4493552622222,6.67542258269394,7.06238892245807
"22","do",182,305,1996,7.42082662364259,6.69409300097028,7.05745981230643
"22","do",182,305,1997,7.41252085276004,6.69019847979729,7.05135966627866
"22","do",182,305,1998,7.79736608319395,6.98808266003006,7.392724371612
"22","do",182,305,1999,7.92948170924282,7.00427799248616,7.46687985086449
"22","do",182,305,2000,7.14759338904746,6.42732421613557,6.78745880259152
"22","do",182,305,2001,7.38796554541487,6.548550992065,6.96825826873993
"22","do",182,305,2002,7.47225708979869,6.75480953864887,7.11353331422378
"22","do",182,305,2003,7.37374547945554,6.72015229969833,7.04694888957694
"22","do",182,305,2004,7.74127110570126,7.11814442245434,7.4297077640778
"22","do",182,305,2005,7.45935389046394,6.76996111807861,7.11465750427127
"22","do",182,305,2006,7.15633462369876,6.57552120985254,6.86592791677565
"22","do",182,305,2007,7.442488969759,6.81349702488738,7.12799299732319
"22","do",182,305,2008,7.18954656831463,6.660762636389,6.92515460235181
"22","do",182,305,2009,7.29920424446725,6.67427853156786,6.98674138801756
"22","do",182,305,2010,7.48196185647999,6.95596383414664,7.21896284531332
"22","do",182,305,2011,7.55957408155406,7.0042829027155,7.28192849213478
"22","do",182,305,2012,7.41099614838453,6.88815436405383,7.14957525621918
"22","do",182,305,2013,7.32746683741625,6.64949012444051,6.98847848092838
"22","do",182,305,2014,7.15597112381384,6.59016652071322,6.87306882226353
"22","do",182,305,2015,7.35566392840859,6.68005958661319,7.01786175751089
"22","do",182,305,2016,7.49811476342199,6.9483694554263,7.22324210942414
"22","do",182,305,2017,7.20692357404463,6.67203218742725,6.93947788073594
"22","do",182,305,2018,7.10344130410191,6.49904415911143,6.80124273160667
"22","do",182,305,2019,7.54472981222579,6.90015811080193,7.22244396151386
"24","do",182,305,1993,7.64114812191486,6.90793770238868,7.27454291215177
"24","do",182,305,1994,7.4388932295681,6.66754104336979,7.05321713646894
"24","do",182,305,1995,7.41603602083228,6.61892788453104,7.01748195268166
"24","do",182,305,1996,7.55329998586667,6.80012595791107,7.17671297188887
"24","do",182,305,1997,7.39289345822682,6.6484790298788,7.02068624405281
"24","do",182,305,1998,7.95519545841692,7.11302020105349,7.53410782973521
"24","do",182,305,1999,7.70496229239512,6.77101404011288,7.237988166254
"24","do",182,305,2000,7.08905882755603,6.34195103195655,6.71550492975629
"24","do",182,305,2001,7.11054080443625,6.21828132027399,6.66441106235512
"24","do",182,305,2002,7.30101369136884,6.55866298707567,6.92983833922226
"24","do",182,305,2003,7.43987780552329,6.82572901046717,7.13280340799523
"24","do",182,305,2004,7.64403690202272,7.00476082367467,7.32439886284869
"24","do",182,305,2005,7.51855401187906,6.78500833748106,7.15178117468006
"24","do",182,305,2006,7.03600086999508,6.44611184203014,6.74105635601261
"24","do",182,305,2007,7.40042676446715,6.75498845076223,7.07770760761469
"24","do",182,305,2008,6.98414452125026,6.44433226001479,6.71423839063252
"24","do",182,305,2009,7.07976506996536,6.42714842324015,6.75345674660276
"24","do",182,305,2010,7.2644821100654,6.72782936960853,6.99615573983696
"24","do",182,305,2011,7.57341269663967,7.00181507302131,7.28761388483049
"24","do",182,305,2012,7.22838917213161,6.69484762997437,6.96161840105299
"24","do",182,305,2013,7.21417418187774,6.51108364092945,6.86262891140359
"24","do",182,305,2014,6.9325993784898,6.3492910090255,6.64094519375765
"24","do",182,305,2015,7.05887961502824,6.35343932846896,6.7061594717486
"24","do",182,305,2016,7.27910096274574,6.71569031484023,6.99739563879299
"24","do",182,305,2017,7.20293987791318,6.6581316142512,6.93053574608219
"24","do",182,305,2018,7.08055817835281,6.44714456684478,6.76385137259879
"24","do",182,305,2019,7.54813945617284,6.87890384650871,7.21352165134078
"27","do",182,305,1993,7.66313406670176,6.75801456541922,7.21057431606049
"27","do",182,305,1994,7.38175853240532,6.42940423288052,6.90558138264292
"27","do",182,305,1995,7.72728522346018,6.74265714257384,7.23497118301701
"27","do",182,305,1996,7.46941488859558,6.5395043574592,7.00445962302739
"27","do",182,305,1997,7.40489978520092,6.48548289843063,6.94519134181577
"27","do",182,305,1998,8.04982203785568,7.01105104390006,7.53043654087787
"27","do",182,305,1999,7.85537170788855,6.70361555890049,7.27949363339452
"27","do",182,305,2000,7.48570426391955,6.56340930230036,7.02455678310996
"27","do",182,305,2001,7.04864422804875,5.9489667853535,6.49880550670112
"27","do",182,305,2002,7.12391532780609,6.17792862451234,6.65092197615921
"27","do",182,305,2003,7.27138661108601,6.51295854314833,6.89217257711717
"27","do",182,305,2004,7.24408182103819,6.45456884693758,6.84932533398788
"27","do",182,305,2005,7.63660175628313,6.73278928059593,7.18469551843953
"27","do",182,305,2006,7.30254357997301,6.57343411262531,6.93798884629916
"27","do",182,305,2007,7.36109623557393,6.5638146804718,6.96245545802286
"27","do",182,305,2008,6.74265386614894,6.07560488712013,6.40912937663453
"27","do",182,305,2009,7.01775360766118,6.21247712780063,6.6151153677309
"27","do",182,305,2010,7.19749649249816,6.48448619983871,6.84099134616843
"27","do",182,305,2011,7.44348262550199,6.73752435995391,7.09050349272795
"27","do",182,305,2012,7.05235941209631,6.39288753903125,6.72262347556378
"27","do",182,305,2013,7.22078002154995,6.35348913682975,6.78713457918985
"27","do",182,305,2014,6.83694618777314,6.11663539647407,6.47679079212361
"27","do",182,305,2015,7.0270751232821,6.15661241145894,6.59184376737052
"27","do",182,305,2016,7.31875572920747,6.62288481765556,6.97082027343151
"27","do",182,305,2017,7.25276794797109,6.57948153181833,6.91612473989471
"27","do",182,305,2018,7.16656233111232,6.38521216519283,6.77588724815257
"27","do",182,305,2019,7.38591259212398,6.55973018032936,6.97282138622667
"30","do",182,305,1993,7.67218332779353,6.64898065090581,7.16058198934967
"30","do",182,305,1994,7.34554568543133,6.39343903031833,6.86949235787483
"30","do",182,305,1995,7.35588933570318,6.24380371471375,6.79984652520847
"30","do",182,305,1996,7.44066032014047,6.38966158901408,6.91516095457727
"30","do",182,305,1997,7.32679396626582,6.28816008315864,6.80747702471223
"30","do",182,305,1998,7.87110385162984,6.69749724865903,7.28430055014444
"30","do",182,305,1999,7.66335368059745,6.35878381245729,7.01106874652737
"30","do",182,305,2000,7.27477671500137,6.23218406121874,6.75348038811006
"30","do",182,305,2001,7.50916869251573,6.26323360389984,6.88620114820778
"30","do",182,305,2002,7.21935348426786,6.18354131627635,6.70144740027211
"30","do",182,305,2003,7.16764427087193,6.31066941532974,6.73915684310083
"30","do",182,305,2004,7.448222152418,6.5562999782023,7.00226106531015
"30","do",182,305,2005,7.40940130038954,6.38724552365624,6.89832341202289
"30","do",182,305,2006,7.12766026069408,6.30473510760194,6.71619768414801
"30","do",182,305,2007,7.50689874912326,6.6064295963546,7.05666417273893
"30","do",182,305,2008,6.99665360158611,6.24365940317892,6.62015650238252
"30","do",182,305,2009,6.95963330625622,6.04873030870287,6.50418180747955
"30","do",182,305,2010,7.21778851091478,6.46919323102569,6.84349087097023
"30","do",182,305,2011,7.38442916688311,6.58691501221114,6.98567208954713
"30","do",182,305,2012,7.12087488452268,6.37658632342503,6.74873060397385
"30","do",182,305,2013,7.33606871908155,6.35459945756961,6.84533408832558
"30","do",182,305,2014,6.76841027855569,5.95452122241872,6.36146575048721
"30","do",182,305,2015,7.10165485949284,6.11701487865603,6.60933486907444
"30","do",182,305,2016,7.26785739308908,6.48170303675895,6.87478021492402
"30","do",182,305,2017,7.13538950876611,6.3760302033796,6.75570985607285
"30","do",182,305,2018,7.07192725271063,6.18771407836251,6.62982066553657
"30","do",182,305,2019,7.20550547229648,6.27154115684725,6.73852331457186
"32","do",182,305,1993,7.80321681998663,6.58366434719519,7.19344058359091
"32","do",182,305,1994,7.42720256276066,6.28569042011854,6.8564464914396
"32","do",182,305,1995,7.39393571122163,6.06096233807812,6.72744902464987
"32","do",182,305,1996,7.44150108496728,6.1870167252657,6.81425890511649
"32","do",182,305,1997,7.30358738664325,6.06024031752646,6.68191385208485
"32","do",182,305,1998,7.75345574563072,6.35730037171909,7.0553780586749
"32","do",182,305,1999,8.05758635858954,6.44247354876254,7.25002995367604
"32","do",182,305,2000,7.44788710851989,6.20455229541331,6.8262197019666
"32","do",182,305,2001,8.23924818073297,6.57373699886251,7.40649258979774
"32","do",182,305,2002,7.21695126544877,5.97955027287649,6.59825076916263
"32","do",182,305,2003,7.18191037840581,6.15522543825316,6.66856790832948
"32","do",182,305,2004,7.50224560616981,6.43332282971883,6.96778421794432
"32","do",182,305,2005,8.04817634504643,6.84425760211858,7.44621697358251
"32","do",182,305,2006,7.16358399581338,6.17212896208488,6.66785647894913
"32","do",182,305,2007,7.49457649489719,6.4147029924692,6.9546397436832
"32","do",182,305,2008,7.12449679097085,6.21888984212891,6.67169331654988
"32","do",182,305,2009,7.03512608462271,5.95289148302852,6.49400878382561
"32","do",182,305,2010,7.33748709344097,6.43698957536312,6.88723833440205
"32","do",182,305,2011,7.48589907230345,6.53098648268633,7.00844277749489
"32","do",182,305,2012,7.13669416172159,6.24109862020111,6.68889639096135
"32","do",182,305,2013,7.25470730804939,6.09178178403993,6.67324454604466
"32","do",182,305,2014,6.87706604945703,5.903516060535,6.39029105499601
"32","do",182,305,2015,7.12088145921181,5.95097172039728,6.53592658980455
"32","do",182,305,2016,7.34071402729116,6.39814449238927,6.86942925984022
"32","do",182,305,2017,7.08419744073565,6.1708902030527,6.62754382189417
"32","do",182,305,2018,7.14603879544981,6.09779579023605,6.62191729284293
"32","do",182,305,2019,7.23107586434806,6.11735178902462,6.67421382668634
"34","do",182,305,1993,7.69404570927585,6.32750473329336,7.0107752212846
"34","do",182,305,1994,7.38925056833448,6.11661610034397,6.75293333433923
"34","do",182,305,1995,7.37032545259975,5.88045557086655,6.62539051173315
"34","do",182,305,1996,7.22663258454803,5.77865753617999,6.50264506036401
"34","do",182,305,1997,7.46589502130706,5.97283890766972,6.71936696448839
"34","do",182,305,1998,7.49136796501492,5.91583226897523,6.70360011699508
"34","do",182,305,1999,8.09149764893627,6.30317380953522,7.19733572923574
"34","do",182,305,2000,7.36323932174898,5.98005069568842,6.6716450087187
"34","do",182,305,2001,7.94642990547951,6.31314280354974,7.12978635451462
"34","do",182,305,2002,7.07974706357264,5.47826774766375,6.2790074056182
"34","do",182,305,2003,7.02575720431516,5.87539274095145,6.45057497263331
"34","do",182,305,2004,7.34513434764966,6.15314989645104,6.74914212205035
"34","do",182,305,2005,8.26886173724909,6.88770034643153,7.57828104184031
"34","do",182,305,2006,7.24286313741303,6.13515122128377,6.6890071793484
"34","do",182,305,2007,7.28987391233706,6.0859275645619,6.68790073844948
"34","do",182,305,2008,6.83421831698935,5.82356718180162,6.32889274939549
"34","do",182,305,2009,6.9486639713632,5.74636049995707,6.34751223566014
"34","do",182,305,2010,7.33905962505305,6.33393635424835,6.8364979896507
"34","do",182,305,2011,7.17252451415672,6.10857817325678,6.64055134370675
"34","do",182,305,2012,7.05002068396318,6.05006586281204,6.55004327338761
"34","do",182,305,2013,6.9524837926206,5.62850824295583,6.29049601778821
"34","do",182,305,2014,6.61607819125504,5.53168585695379,6.07388202410441
"34","do",182,305,2015,6.54206915910133,5.24232623296454,5.89219769603293
"34","do",182,305,2016,7.20824259599175,6.10339500169349,6.65581879884262
"34","do",182,305,2017,6.89741106310557,5.87791766648173,6.38766436479365
"34","do",182,305,2018,6.80073627993942,5.63696161207816,6.21884894600879
"34","do",182,305,2019,6.84463364743084,5.60586156594001,6.22524760668542
"36","do",182,305,1993,7.70504430688921,6.26484007950653,6.98494219319787
"36","do",182,305,1994,7.11750092589752,5.77303043517402,6.44526568053577
"36","do",182,305,1995,7.05314420398848,5.48027986578153,6.26671203488501
"36","do",182,305,1996,7.31770503650442,5.4749925401483,6.39634878832636
"36","do",182,305,1997,7.11212901912427,5.52270937290985,6.31741919601706
"36","do",182,305,1998,7.82087296070311,6.01037491512553,6.91562393791432
"36","do",182,305,1999,7.98459213717718,6.08036165201458,7.03247689459588
"36","do",182,305,2000,7.02341318059578,5.56705042531902,6.2952318029574
"36","do",182,305,2001,7.47657390846384,5.76601708310089,6.62129549578237
"36","do",182,305,2002,7.03312190462088,5.35844218983438,6.19578204722763
"36","do",182,305,2003,6.91825996921648,5.44409409067521,6.18117702994584
"36","do",182,305,2004,7.68592661973908,6.13825747676532,6.9120920482522
"36","do",182,305,2005,8.68229101414198,7.11906943453459,7.90068022433828
"36","do",182,305,2006,7.32117844062188,6.07460207564113,6.69789025813151
"36","do",182,305,2007,7.28576004135056,5.96971170396413,6.62773587265734
"36","do",182,305,2008,7.17390309684914,5.93658378873907,6.5552434427941
"36","do",182,305,2009,6.85608373284118,5.33731903309536,6.09670138296827
"36","do",182,305,2010,7.23689048126581,6.10839582771944,6.67264315449263
"36","do",182,305,2011,7.48796388690848,6.17637528941287,6.83216958816067
"36","do",182,305,2012,7.04145573291499,5.82603808075505,6.43374690683502
"36","do",182,305,2013,7.2291593624617,5.76537765823239,6.49726851034704
"36","do",182,305,2014,6.86549530504846,5.54639958735549,6.20594744620197
"36","do",182,305,2015,6.46809170033476,5.04913118090675,5.75861144062076
"36","do",182,305,2016,7.08327885079355,5.91502453737533,6.49915169408444
"36","do",182,305,2017,7.43048459846954,5.99071758420466,6.7106010913371
"36","do",182,305,2018,6.8442364252306,5.55842559134686,6.20133100828873
"36","do",182,305,2019,7.57587871203465,5.82156391897259,6.69872131550362
"18","dosat",182,305,1993,0.970396099277184,0.882187351888936,0.92629172558306
"18","dosat",182,305,1994,0.968489117658063,0.875902874208347,0.922195995933205
"18","dosat",182,305,1995,0.877956682033626,0.767334459089983,0.822645570561804
"18","dosat",182,305,1996,0.914631371196395,0.824215011381382,0.869423191288888
"18","dosat",182,305,1997,0.979681856891265,0.890282253157003,0.934982055024134
"18","dosat",182,305,1998,0.905276396250893,0.804166602269923,0.854721499260408
"18","dosat",182,305,1999,0.946269946186349,0.836815017660714,0.891542481923532
"18","dosat",182,305,2000,0.913661481363314,0.806082852592896,0.859872166978105
"18","dosat",182,305,2001,0.976372750379116,0.850685554365693,0.913529152372404
"18","dosat",182,305,2002,0.924231929355684,0.8350179822195,0.879624955787592
"18","dosat",182,305,2003,0.888800807833705,0.798042892098597,0.843421849966151
"18","dosat",182,305,2004,0.929533090638559,0.836996927941161,0.88326500928986
"18","dosat",182,305,2005,0.919093486823469,0.802017853470714,0.860555670147092
"18","dosat",182,305,2006,0.895472729078697,0.802492761578401,0.848982745328549
"18","dosat",182,305,2007,0.979494510905081,0.749579609124367,0.864537060014724
"18","dosat",182,305,2008,0.930428176837867,0.839953823966522,0.885191000402195
"18","dosat",182,305,2009,0.907323734058665,0.796717303997663,0.852020519028164
"18","dosat",182,305,2010,0.916023051910428,0.851506711181156,0.883764881545792
"18","dosat",182,305,2011,0.90213496128265,0.833505059980773,0.867820010631712
"18","dosat",182,305,2012,0.916356650542974,0.852233676221879,0.884295163382426
"18","dosat",182,305,2013,0.913829856314184,0.833616608297593,0.873723232305889
"18","dosat",182,305,2014,0.938801956268737,0.868807810401447,0.903804883335092
"18","dosat",182,305,2015,0.963836835093759,0.877325258701364,0.920581046897561
"18","dosat",182,305,2016,0.917571822870557,0.849916627499356,0.883744225184957
"18","dosat",182,305,2017,0.888386774344659,0.822878854900397,0.855632814622528
"18","dosat",182,305,2018,0.884377996625851,0.808553182578267,0.846465589602059
"18","dosat",182,305,2019,0.924134297937956,0.84388181592236,0.884008056930158
"21","dosat",182,305,1993,0.96484452906068,0.891370338993093,0.928107434026886
"21","dosat",182,305,1994,0.952103705947168,0.874577169673062,0.913340437810115
"21","dosat",182,305,1995,0.874392777719833,0.793422756926078,0.833907767322956
"21","dosat",182,305,1996,0.90812445539309,0.832353977824661,0.870239216608875
"21","dosat",182,305,1997,0.943165467892157,0.858946906427663,0.90105618715991
"21","dosat",182,305,1998,0.925407611639929,0.841881291839815,0.883644451739872
"21","dosat",182,305,1999,0.964413827063456,0.873754086379115,0.919083956721286
"21","dosat",182,305,2000,0.877539723805019,0.793065834511166,0.835302779158092
"21","dosat",182,305,2001,0.926835686538897,0.841039534988114,0.883937610763506
"21","dosat",182,305,2002,0.923455202330457,0.848563353609029,0.886009277969743
"21","dosat",182,305,2003,0.910208834329749,0.846739073069074,0.878473953699411
"21","dosat",182,305,2004,0.951313274209319,0.885310519618446,0.918311896913882
"21","dosat",182,305,2005,0.912243003167436,0.841594089045511,0.876918546106473
"21","dosat",182,305,2006,0.886948964073038,0.824937774230093,0.855943369151565
"21","dosat",182,305,2007,0.935858198137681,0.869467874219136,0.902663036178409
"21","dosat",182,305,2008,0.916230536111652,0.86010676357858,0.888168649845116
"21","dosat",182,305,2009,0.920513305607111,0.855516263853768,0.888014784730439
"21","dosat",182,305,2010,0.921889099387281,0.865974576174334,0.893931837780808
"21","dosat",182,305,2011,0.916162618865538,0.857615886861704,0.886889252863621
"21","dosat",182,305,2012,0.918580056607275,0.862940622810118,0.890760339708697
"21","dosat",182,305,2013,0.920037960949471,0.850734101270175,0.885386031109823
"21","dosat",182,305,2014,0.925705262595496,0.866178191796749,0.895941727196122
"21","dosat",182,305,2015,0.947503735395166,0.877259051415529,0.912381393405348
"21","dosat",182,305,2016,0.936678693833602,0.878305782945914,0.907492238389758
"21","dosat",182,305,2017,0.889919226429066,0.832970096443875,0.86144466143647
"21","dosat",182,305,2018,0.897197741276297,0.834452005509111,0.865824873392704
"21","dosat",182,305,2019,0.940192772175129,0.873123101187808,0.906657936681468
"22","dosat",182,305,1993,0.964087441124222,0.894370943270862,0.929229192197542
"22","dosat",182,305,1994,0.948055474140555,0.875544730883386,0.911800102511971
"22","dosat",182,305,1995,0.903277450732144,0.827980056368263,0.865628753550203
"22","dosat",182,305,1996,0.911082866003979,0.839814612369646,0.875448739186813
"22","dosat",182,305,1997,0.953160567685724,0.881237928882621,0.917199248284172
"22","dosat",182,305,1998,0.942615000511167,0.862201418604184,0.902408209557676
"22","dosat",182,305,1999,0.952346026461735,0.865415546944478,0.908880786703106
"22","dosat",182,305,2000,0.885682008526867,0.813933815918299,0.849807912222583
"22","dosat",182,305,2001,0.93088052845329,0.852249790621922,0.891565159537606
"22","dosat",182,305,2002,0.926065625929837,0.855600898152401,0.890833262041119
"22","dosat",182,305,2003,0.915076644358437,0.849099264872211,0.882087954615324
"22","dosat",182,305,2004,0.961217605791606,0.896808878593864,0.929013242192735
"22","dosat",182,305,2005,0.904038783331326,0.838410586609027,0.871224684970177
"22","dosat",182,305,2006,0.884880308044371,0.823089101117377,0.853984704580874
"22","dosat",182,305,2007,0.924848618263648,0.860517029304804,0.892682823784226
"22","dosat",182,305,2008,0.91295517218585,0.857756713250765,0.885355942718307
"22","dosat",182,305,2009,0.914069825743427,0.852215473514147,0.883142649628787
"22","dosat",182,305,2010,0.923257137055417,0.867947919057757,0.895602528056587
"22","dosat",182,305,2011,0.913453649065055,0.856397333210168,0.884925491137611
"22","dosat",182,305,2012,0.916824595221378,0.861717490896448,0.889271043058913
"22","dosat",182,305,2013,0.919482690216322,0.852830970440211,0.886156830328266
"22","dosat",182,305,2014,0.92065140987241,0.86310987316718,0.891880641519795
"22","dosat",182,305,2015,0.94582808428088,0.879262667716705,0.912545375998792
"22","dosat",182,305,2016,0.937575555958063,0.880088100784021,0.908831828371042
"22","dosat",182,305,2017,0.889801343949561,0.833412368464163,0.861606856206862
"22","dosat",182,305,2018,0.895790380522514,0.83606577168604,0.865928076104277
"22","dosat",182,305,2019,0.940096057938901,0.876531108256557,0.908313583097729
"24","dosat",182,305,1993,0.965562387536046,0.88297400606807,0.924268196802058
"24","dosat",182,305,1994,0.952086189410969,0.865148668374908,0.908617428892939
"24","dosat",182,305,1995,0.914525007741757,0.824526963280581,0.869525985511169
"24","dosat",182,305,1996,0.95953513056973,0.874645112935095,0.917090121752413
"24","dosat",182,305,1997,0.964526899596882,0.880515270134121,0.922521084865502
"24","dosat",182,305,1998,0.968437008356051,0.87384545762308,0.921141232989566
"24","dosat",182,305,1999,0.964415688276679,0.859728883548342,0.91207228591251
"24","dosat",182,305,2000,0.887168225174922,0.803001669875953,0.845084947525437
"24","dosat",182,305,2001,0.904388332846434,0.804464415896266,0.85442637437135
"24","dosat",182,305,2002,0.931393776450011,0.847691152058967,0.889542464254489
"24","dosat",182,305,2003,0.953728607610232,0.88442431581296,0.919076461711596
"24","dosat",182,305,2004,0.985782460299644,0.913629139737756,0.9497058000187
"24","dosat",182,305,2005,0.936015017529781,0.853942303858882,0.894978660694332
"24","dosat",182,305,2006,0.882635400147436,0.815887739877984,0.84926157001271
"24","dosat",182,305,2007,0.953576166772578,0.880688066090715,0.917132116431647
"24","dosat",182,305,2008,0.907834413721832,0.846794285217299,0.877314349469565
"24","dosat",182,305,2009,0.913049221488898,0.839651928427519,0.876350574958208
"24","dosat",182,305,2010,0.921856125964349,0.861168009281142,0.891512067622745
"24","dosat",182,305,2011,0.939445301222322,0.874938548304583,0.907191924763452
"24","dosat",182,305,2012,0.916123044243571,0.855808756214885,0.885965900229228
"24","dosat",182,305,2013,0.936013171289413,0.857032514155109,0.896522842722261
"24","dosat",182,305,2014,0.917905081249635,0.852109333321298,0.885007207285466
"24","dosat",182,305,2015,0.936033712857169,0.856693565885868,0.896363639371519
"24","dosat",182,305,2016,0.935539563270062,0.871932130466184,0.903735846868123
"24","dosat",182,305,2017,0.910234429504248,0.848604791887531,0.879419610695889
"24","dosat",182,305,2018,0.908598015225895,0.837434668690968,0.873016341958431
"24","dosat",182,305,2019,0.959435884181843,0.88403696886597,0.921736426523906
"27","dosat",182,305,1993,0.985389247321123,0.882324124846164,0.933856686083644
"27","dosat",182,305,1994,0.956418244832741,0.847939863478637,0.902179054155689
"27","dosat",182,305,1995,0.976958070902518,0.864700787874178,0.920829429388348
"27","dosat",182,305,1996,0.961232627211246,0.855309758327466,0.908271192769356
"27","dosat",182,305,1997,0.977476724697273,0.87267813120419,0.925077427950732
"27","dosat",182,305,1998,1.00028189295399,0.882172750900704,0.941227321927349
"27","dosat",182,305,1999,0.994335354824451,0.863524680793264,0.928930017808858
"27","dosat",182,305,2000,0.951571425683576,0.846541907318116,0.899056666500846
"27","dosat",182,305,2001,0.912063922112954,0.787223613170647,0.849643767641801
"27","dosat",182,305,2002,0.928151341376792,0.820326900634753,0.874239121005773
"27","dosat",182,305,2003,0.942504767892383,0.856058289444945,0.899281528668664
"27","dosat",182,305,2004,0.953862314239609,0.863864299071786,0.908863306655697
"27","dosat",182,305,2005,0.966424495989784,0.863867473911731,0.915145984950758
"27","dosat",182,305,2006,0.924557280078359,0.841336397693608,0.882946838885983
"27","dosat",182,305,2007,0.961322583437366,0.870414378604609,0.915868481020987
"27","dosat",182,305,2008,0.891911394882285,0.815800533956778,0.853855964419532
"27","dosat",182,305,2009,0.920015140758695,0.828392529475883,0.874203835117289
"27","dosat",182,305,2010,0.927955666550511,0.846717487891563,0.887336577221037
"27","dosat",182,305,2011,0.94440187969311,0.863934889491145,0.904168384592127
"27","dosat",182,305,2012,0.913775397525507,0.838530877616914,0.87615313757121
"27","dosat",182,305,2013,0.946300739661091,0.847683429367174,0.896992084514133
"27","dosat",182,305,2014,0.921019749050922,0.838937677830453,0.879978713440687
"27","dosat",182,305,2015,0.950294150953462,0.851253530319485,0.900773840636473
"27","dosat",182,305,2016,0.954816297946573,0.875481800914751,0.915149049430662
"27","dosat",182,305,2017,0.933968576812632,0.85712978825928,0.895549182535956
"27","dosat",182,305,2018,0.930655794016779,0.841803689085021,0.8862297415509
"27","dosat",182,305,2019,0.955625257835613,0.861537400480618,0.908581329158116
"30","dosat",182,305,1993,0.990516450313837,0.873459615025843,0.93198803266984
"30","dosat",182,305,1994,0.959389813371111,0.850318130183956,0.904853971777533
"30","dosat",182,305,1995,0.935334773864201,0.807917842233645,0.871626308048923
"30","dosat",182,305,1996,0.966412604435427,0.846130703273418,0.906271653854422
"30","dosat",182,305,1997,0.969554204059028,0.85058938140072,0.910071792729874
"30","dosat",182,305,1998,0.982790420014796,0.848759558459557,0.915774989237176
"30","dosat",182,305,1999,0.972244710127577,0.823487639883247,0.897866175005412
"30","dosat",182,305,2000,0.92890893797175,0.809626986386531,0.869267962179141
"30","dosat",182,305,2001,0.981345920656261,0.839341390597893,0.910343655627077
"30","dosat",182,305,2002,0.944499633137718,0.825931288010716,0.885215460574217
"30","dosat",182,305,2003,0.933337272857532,0.835203835315542,0.884270554086537
"30","dosat",182,305,2004,0.988322631941952,0.886169642980835,0.937246137461394
"30","dosat",182,305,2005,0.944976032105255,0.828516884042904,0.88674645807408
"30","dosat",182,305,2006,0.907193407437269,0.812790576395734,0.859991991916501
"30","dosat",182,305,2007,0.986015348113592,0.882840324427529,0.934427836270561
"30","dosat",182,305,2008,0.93113035048913,0.844779173524933,0.887954762007032
"30","dosat",182,305,2009,0.919358791821784,0.815256090124561,0.867307440973173
"30","dosat",182,305,2010,0.938824324778807,0.85297323039994,0.895898777589373
"30","dosat",182,305,2011,0.944139238938897,0.85279594004219,0.898467589490544
"30","dosat",182,305,2012,0.930170537183418,0.844837812296,0.887504174739709
"30","dosat",182,305,2013,0.965101232531732,0.853015807055338,0.909058519793535
"30","dosat",182,305,2014,0.918085906038076,0.824899324285608,0.871492615161842
"30","dosat",182,305,2015,0.966696364830635,0.854163886000212,0.910430125415424
"30","dosat",182,305,2016,0.957199401921601,0.867147776511248,0.912173589216424
"30","dosat",182,305,2017,0.923936334320355,0.836851549932097,0.880393942126226
"30","dosat",182,305,2018,0.924644038004771,0.823661601544484,0.874152819774627
"30","dosat",182,305,2019,0.935771245735416,0.82891249662052,0.882341871177968
"32","dosat",182,305,1993,1.00354464805915,0.863267713651087,0.933406180855117
"32","dosat",182,305,1994,0.96657871080189,0.834179643149876,0.900379176975883
"32","dosat",182,305,1995,0.937969031665648,0.783815085462864,0.860892058564256
"32","dosat",182,305,1996,0.960186767604379,0.815637104661017,0.887911936132698
"32","dosat",182,305,1997,0.962647581157858,0.818901998689269,0.890774789923563
"32","dosat",182,305,1998,0.968294997976231,0.80741969951106,0.887857348743645
"32","dosat",182,305,1999,1.00345472573628,0.819839422749785,0.911647074243032
"32","dosat",182,305,2000,0.951158267580103,0.807879893102922,0.879519080341513
"32","dosat",182,305,2001,1.06076200571465,0.872026073049028,0.966394039381836
"32","dosat",182,305,2002,0.941231425898389,0.798509133502187,0.869870279700288
"32","dosat",182,305,2003,0.930739553180411,0.811510156760208,0.871124854970309
"32","dosat",182,305,2004,0.991063440055674,0.866966267108329,0.929014853582001
"32","dosat",182,305,2005,1.02387089798417,0.886996200061189,0.955433549022682
"32","dosat",182,305,2006,0.91075479588776,0.79508109413292,0.85291794501034
"32","dosat",182,305,2007,0.978920278210292,0.853692366750434,0.916306322480363
"32","dosat",182,305,2008,0.944259158123212,0.838929039251997,0.891594098687605
"32","dosat",182,305,2009,0.927474379981449,0.803229396548061,0.865351888264755
"32","dosat",182,305,2010,0.955841008085371,0.851055041693418,0.903448024889395
"32","dosat",182,305,2011,0.95661501355961,0.846073260723648,0.901344137141629
"32","dosat",182,305,2012,0.931440137757141,0.827103822664117,0.879271980210629
"32","dosat",182,305,2013,0.949177539071603,0.816074476222691,0.882626007647147
"32","dosat",182,305,2014,0.929406433258311,0.816791273273345,0.873098853265828
"32","dosat",182,305,2015,0.964243833507666,0.829921494268086,0.897082663887876
"32","dosat",182,305,2016,0.96849013337837,0.858985046505102,0.913737589941736
"32","dosat",182,305,2017,0.917074063946212,0.810799654179154,0.863936859062683
"32","dosat",182,305,2018,0.930130390638567,0.809992296955182,0.870061343796874
"32","dosat",182,305,2019,0.937086691670439,0.808903093539733,0.872994892605086
"34","dosat",182,305,1993,0.993993952395742,0.835352532417447,0.914673242406594
"34","dosat",182,305,1994,0.957422496547728,0.808039775043662,0.882731135795695
"34","dosat",182,305,1995,0.933430076531775,0.760098773647505,0.84676442508964
"34","dosat",182,305,1996,0.919149202691779,0.751450393919328,0.835299798305554
"34","dosat",182,305,1997,0.982767133113313,0.808581893864562,0.895674513488937
"34","dosat",182,305,1998,0.93755417373318,0.75407079075652,0.84581248224485
"34","dosat",182,305,1999,0.997251635638311,0.798684504044149,0.89796806984123
"34","dosat",182,305,2000,0.940137138932259,0.78021516245108,0.86017615069167
"34","dosat",182,305,2001,1.02349420515344,0.840197743812642,0.931845974483043
"34","dosat",182,305,2002,0.925150118644916,0.747887509396966,0.836518814020941
"34","dosat",182,305,2003,0.90432717417237,0.766834491494942,0.835580832833656
"34","dosat",182,305,2004,0.959568155661626,0.81852797588407,0.889048065772848
"34","dosat",182,305,2005,1.0399458662962,0.883568173398756,0.961757019847477
"34","dosat",182,305,2006,0.918235495726492,0.785109506378359,0.851672501052426
"34","dosat",182,305,2007,0.94851734393774,0.806922717468222,0.877720030702981
"34","dosat",182,305,2008,0.896758774002849,0.776695430084605,0.836727102043727
"34","dosat",182,305,2009,0.911105089066393,0.773326617635579,0.842215853350986
"34","dosat",182,305,2010,0.954298379216918,0.834527288854552,0.894412834035735
"34","dosat",182,305,2011,0.911535479750065,0.786601437868879,0.849068458809472
"34","dosat",182,305,2012,0.916686822025436,0.796952257967233,0.856819539996334
"34","dosat",182,305,2013,0.90428941948385,0.752780887018526,0.828535153251188
"34","dosat",182,305,2014,0.889088394334537,0.762307186818512,0.825697790576524
"34","dosat",182,305,2015,0.884578890443701,0.735789803000376,0.810184346722038
"34","dosat",182,305,2016,0.949637379497315,0.818432627870549,0.884035003683932
"34","dosat",182,305,2017,0.897691959826243,0.776393762212579,0.837042861019411
"34","dosat",182,305,2018,0.880704408525169,0.747773011327928,0.814238709926548
"34","dosat",182,305,2019,0.88235237218133,0.740373212690603,0.811362792435967
"36","dosat",182,305,1993,0.983112471254377,0.820788349325558,0.901950410289967
"36","dosat",182,305,1994,0.923552138038476,0.770757331149971,0.847154734594223
"36","dosat",182,305,1995,0.887070936062956,0.710056244202033,0.798563590132494
"36","dosat",182,305,1996,0.913505814242331,0.71200653646758,0.812756175354955
"36","dosat",182,305,1997,0.931017299626069,0.753101684529413,0.842059492077741
"36","dosat",182,305,1998,0.981635058875411,0.778248366565046,0.879941712720229
"36","dosat",182,305,1999,0.983244265921209,0.77727422679202,0.880259246356615
"36","dosat",182,305,2000,0.894401321763674,0.730996836902137,0.812699079332906
"36","dosat",182,305,2001,0.962022397996012,0.775395648994759,0.868709023495385
"36","dosat",182,305,2002,0.915284907024803,0.734804878667518,0.825044892846161
"36","dosat",182,305,2003,0.894247433087711,0.728953600279719,0.811600516683715
"36","dosat",182,305,2004,0.99091142988799,0.817507554560919,0.904209492224454
"36","dosat",182,305,2005,1.06901830629482,0.90137253297268,0.985195419633748
"36","dosat",182,305,2006,0.92287619760703,0.777553178964425,0.850214688285728
"36","dosat",182,305,2007,0.941762967194647,0.79104948980769,0.866406228501168
"36","dosat",182,305,2008,0.940733175752997,0.799557120462914,0.870145148107955
"36","dosat",182,305,2009,0.913338870787547,0.740855262238534,0.827097066513041
"36","dosat",182,305,2010,0.937321999348508,0.806518108598435,0.871920053973471
"36","dosat",182,305,2011,0.944133274456869,0.797592438964993,0.870862856710931
"36","dosat",182,305,2012,0.910647058266709,0.770953748579348,0.840800403423029
"36","dosat",182,305,2013,0.936741240280473,0.774441783342019,0.855591511811246
"36","dosat",182,305,2014,0.918474682288932,0.770001987965302,0.844238335127117
"36","dosat",182,305,2015,0.875142356931369,0.713976847607274,0.794559602269322
"36","dosat",182,305,2016,0.928025880633902,0.79347221125384,0.860749045943871
"36","dosat",182,305,2017,0.95238035661479,0.793558133440536,0.872969245027663
"36","dosat",182,305,2018,0.881472892931132,0.737337740178076,0.809405316554604
"36","dosat",182,305,2019,0.961183097450918,0.771406725982632,0.866294911716775
"18","gpp",32,152,1991,346.460571069544,130.019266250806,212.241723596698
"18","gpp",32,152,1992,398.284342106118,165.139180303277,256.461205220272
"18","gpp",32,152,1993,388.233812233436,130.020251582611,224.673669884719
"18","gpp",32,152,1994,373.931532625038,155.100002953297,240.825210089132
"18","gpp",32,152,1995,215.013154657245,88.9121882924685,138.265288819149
"18","gpp",32,152,1996,299.346216225307,123.763762326701,192.479126032685
"18","gpp",32,152,1997,484.982840606434,162.731412407169,280.930494331117
"18","gpp",32,152,1998,397.613335971353,164.421230405785,255.687453595515
"18","gpp",32,152,1999,348.982806172296,124.094337254993,208.102835265017
"18","gpp",32,152,2000,332.911023115795,130.819936733216,208.689719396521
"18","gpp",32,152,2001,559.178427194766,219.1968015417,350.100160999979
"18","gpp",32,152,2002,878.205481162178,310.404924208369,522.110434505498
"18","gpp",32,152,2003,892.970489406499,370.383586085451,575.101392916814
"18","gpp",32,152,2004,566.603148444809,235.013734273342,364.910292766657
"18","gpp",32,152,2005,519.709523657868,215.373396551881,334.561810926703
"18","gpp",32,152,2006,969.77833023787,344.545136041382,578.041872810086
"18","gpp",32,152,2007,949.077407151158,349.340132160752,575.804504015876
"18","gpp",32,152,2008,994.862174179185,341.082824266831,582.520729352421
"18","gpp",32,152,2009,771.393201865279,319.956847203817,496.802311612247
"18","gpp",32,152,2010,882.219640290165,365.925034177066,568.178010860027
"18","gpp",32,152,2011,516.397020730453,214.189779162199,332.576252655347
"18","gpp",32,152,2012,520.218329259921,215.774689405338,335.037234377052
"18","gpp",32,152,2013,769.028008380906,318.975343021186,495.278681921804
"18","gpp",32,152,2014,930.745684106761,386.052401400082,599.430234841534
"18","gpp",32,152,2015,859.947578990418,356.687106929269,553.834103374757
"18","gpp",32,152,2016,543.152908083666,225.28759536818,349.807965288676
"18","gpp",32,152,2017,476.280896327434,187.68236293699,298.980808823042
"18","gpp",32,152,2018,1053.54161793234,436.986961683898,678.515991431147
"18","gpp",32,152,2019,842.53348748761,349.465729700177,542.620106521766
"21","gpp",32,152,1990,375.56337945155,175.067358328369,256.415461166946
"21","gpp",32,152,1991,242.524471730827,113.267037896939,165.740847501365
"21","gpp",32,152,1992,490.839434087259,229.616512722871,335.715413947563
"21","gpp",32,152,1993,457.119642522866,213.700678651683,312.548840714777
"21","gpp",32,152,1994,353.355873617851,165.312095632306,241.689883883772
"21","gpp",32,152,1995,816.657667785359,381.733637306856,558.341922085597
"21","gpp",32,152,1996,477.11020006483,223.046471769222,326.217330578202
"21","gpp",32,152,1997,647.243270750124,302.801093017056,442.703026679366
"21","gpp",32,152,1998,557.385827050641,260.540951549343,381.079825968118
"21","gpp",32,152,1999,635.900183821748,297.169301441247,434.706813165689
"21","gpp",32,152,2000,707.286902503499,330.899113053531,483.777437167947
"21","gpp",32,152,2001,1062.98623549958,474.333992616454,710.077816285547
"21","gpp",32,152,2002,876.018949305119,409.841038300424,599.189882886933
"21","gpp",32,152,2003,1172.63383827996,548.633756088915,802.088839975035
"21","gpp",32,152,2004,821.779544039317,384.471161612809,562.094774825777
"21","gpp",32,152,2005,625.291699430427,292.465864107273,427.640593481284
"21","gpp",32,152,2006,1621.94545000572,758.314049940753,1109.02841396279
"21","gpp",32,152,2007,805.482831329463,360.384357142335,538.779558221966
"21","gpp",32,152,2008,1505.54158785867,704.34746977769,1029.76910424295
"21","gpp",32,152,2009,590.31201625361,276.169001241244,403.764634347121
"21","gpp",32,152,2010,851.349927851806,398.293138825094,582.311630488876
"21","gpp",32,152,2011,756.821170110415,354.068482083767,517.654829891362
"21","gpp",32,152,2012,550.732368675005,257.651981256691,376.692561555582
"21","gpp",32,152,2013,788.369601456649,368.827275312284,539.232984937204
"21","gpp",32,152,2014,707.541557311462,331.014483102067,483.948863896471
"21","gpp",32,152,2015,710.51836940031,332.406437779483,485.984444349038
"21","gpp",32,152,2016,671.00622199455,313.920954000943,458.958509398287
"21","gpp",32,152,2017,1445.73452774117,569.053801521625,907.028516090968
"21","gpp",32,152,2018,952.249922935885,445.495696283329,651.324222222748
"21","gpp",32,152,2019,886.487007196572,414.73324705965,606.346134621823
"22","gpp",32,152,1990,397.707274539923,202.447922613771,283.751672310476
"22","gpp",32,152,1991,413.281599972382,233.477426351546,310.63149280136
"22","gpp",32,152,1992,434.031814374684,266.090394338922,339.84069303513
"22","gpp",32,152,1993,460.362547761932,299.468717572403,371.300662262579
"22","gpp",32,152,1994,492.260032854087,332.931585202244,404.831956581765
"22","gpp",32,152,1995,529.116356811238,366.080633054235,440.112770617723
"22","gpp",32,152,1996,569.780095166683,398.790144345221,476.678808419837
"22","gpp",32,152,1997,613.133311853025,431.268501286031,514.2227965497
"22","gpp",32,152,1998,657.844612685216,463.54424118014,552.213800806908
"22","gpp",32,152,1999,702.392508493846,495.346159058405,589.853737153393
"22","gpp",32,152,2000,745.649722486053,526.392481135852,626.501721847349
"22","gpp",32,152,2001,787.024432080219,556.415098504909,661.749406423372
"22","gpp",32,152,2002,826.028278245129,585.03099314481,695.163393733765
"22","gpp",32,152,2003,862.399583549305,611.896492947869,726.429129849239
"22","gpp",32,152,2004,895.788126688451,636.552676960442,755.126698000351
"22","gpp",32,152,2005,925.708818333631,658.508945762112,780.760871229834
"22","gpp",32,152,2006,951.66434342864,677.389588216128,802.899444336026
"22","gpp",32,152,2007,973.112989130384,692.863411347996,821.117765777798
"22","gpp",32,152,2008,990.078268095082,705.014548136935,835.4756626026
"22","gpp",32,152,2009,1003.18999681587,714.348627633631,846.538479622282
"22","gpp",32,152,2010,1013.5862882406,721.737376123976,855.302933556301
"22","gpp",32,152,2011,1022.15656918589,727.812944469317,862.518859114303
"22","gpp",32,152,2012,1030.2678629765,733.3150905411,869.201341013806
"22","gpp",32,152,2013,1040.63613267904,739.41018044913,877.186953075621
"22","gpp",32,152,2014,1056.77391679235,746.884613261057,888.418920413017
"22","gpp",32,152,2015,1082.38352310383,755.279722675778,904.158352922036
"22","gpp",32,152,2016,1121.42574101257,762.884883678409,924.942563614818
"22","gpp",32,152,2017,1177.79492789372,767.143507509883,950.546017882218
"22","gpp",32,152,2018,1255.03858875291,765.568823106848,980.213453970737
"22","gpp",32,152,2019,1356.49937446752,756.712142094762,1013.15326945311
"24","gpp",32,152,1990,369.534943754356,198.38651721337,270.75958058777
"24","gpp",32,152,1991,198.654597659738,106.80932438836,145.664557675085
"24","gpp",32,152,1992,427.840388310933,230.152911511125,313.797245099143
"24","gpp",32,152,1993,522.465815433406,280.984861974487,383.151386577086
"24","gpp",32,152,1994,313.868774020202,168.842511790161,230.205108931295
"24","gpp",32,152,1995,802.712178816312,432.033521716685,588.896060047004
"24","gpp",32,152,1996,573.251239346816,308.55492557114,420.570438202949
"24","gpp",32,152,1997,718.135749883825,386.31380876804,526.712214354398
"24","gpp",32,152,1998,543.781028141046,292.672319892737,398.935652730735
"24","gpp",32,152,1999,577.019575193095,310.528878618536,423.298052943379
"24","gpp",32,152,2000,571.766690579022,307.576064910871,419.358735136646
"24","gpp",32,152,2001,824.56230817564,425.54684063113,592.359591082694
"24","gpp",32,152,2002,734.682619413648,395.215246780557,538.848561969828
"24","gpp",32,152,2003,1019.89580839788,548.643572036086,748.036950573998
"24","gpp",32,152,2004,722.622068408702,388.727674981485,530.003015597861
"24","gpp",32,152,2005,461.618989079646,248.288765681403,338.548089661841
"24","gpp",32,152,2006,1704.80353440564,917.564228185399,1250.70649604719
"24","gpp",32,152,2007,703.366746367532,363.949317255804,505.954392332846
"24","gpp",32,152,2008,962.104937231307,517.556605729891,705.651306007015
"24","gpp",32,152,2009,413.980023623831,222.696812052651,303.631407325574
"24","gpp",32,152,2010,642.56942394088,345.664882595769,471.289385076892
"24","gpp",32,152,2011,807.107462072439,434.17619829554,591.968622055741
"24","gpp",32,152,2012,368.214858405395,198.078115899411,270.065372454725
"24","gpp",32,152,2013,549.077803468406,295.371482933652,402.718170755201
"24","gpp",32,152,2014,491.708331182873,264.510375165967,360.641033651765
"24","gpp",32,152,2015,454.972647826711,244.748486495751,333.697268422371
"24","gpp",32,152,2016,685.382170635433,368.695627583394,502.690172508773
"24","gpp",32,152,2017,1354.94378585481,626.447790718303,921.304260923741
"24","gpp",32,152,2018,615.279664550253,330.984836133863,451.274017585395
"24","gpp",32,152,2019,845.309604910449,454.72671665939,619.987791171386
"27","gpp",32,152,1990,589.631146007615,253.489269308803,386.607253376321
"27","gpp",32,152,1991,295.837933602379,127.623181589707,194.308461785019
"27","gpp",32,152,1992,556.579454518166,228.229979931271,356.410041574082
"27","gpp",32,152,1993,802.864281129381,346.555142328074,527.481511729956
"27","gpp",32,152,1994,564.193103467963,243.742281273394,370.833809297368
"27","gpp",32,152,1995,1258.50001232465,542.7220963306,826.447678271844
"27","gpp",32,152,1996,638.137454937882,275.193975674564,419.060357527653
"27","gpp",32,152,1997,864.214579506794,373.358063227615,568.032993423555
"27","gpp",32,152,1998,891.696399807607,384.542116399438,585.572216526516
"27","gpp",32,152,1999,766.336388233089,330.371739692846,503.165863081448
"27","gpp",32,152,2000,700.131517235069,302.470581876592,460.183862611709
"27","gpp",32,152,2001,1297.1849063607,532.100489706416,830.802457816719
"27","gpp",32,152,2002,1033.00549416185,446.288639798255,678.983517394655
"27","gpp",32,152,2003,1414.16254719839,610.978591210618,929.528397000378
"27","gpp",32,152,2004,880.223573293032,380.282067247751,578.561353783742
"27","gpp",32,152,2005,532.174999530166,229.869861053981,349.758478379583
"27","gpp",32,152,2006,2633.92841301958,1136.24506796244,1729.96767850143
"27","gpp",32,152,2007,854.647311819796,351.600250356492,548.173520705208
"27","gpp",32,152,2008,1115.24206211334,481.807053315265,733.028984201898
"27","gpp",32,152,2009,482.812077714332,208.584550994306,317.34388357848
"27","gpp",32,152,2010,831.333686226632,359.15295202088,546.421035029486
"27","gpp",32,152,2011,997.059576778642,430.749557027834,655.349502958353
"27","gpp",32,152,2012,453.193472017008,195.788698848212,297.876081974894
"27","gpp",32,152,2013,516.954733018115,223.334786790627,339.785189611034
"27","gpp",32,152,2014,544.916635619016,235.415096536721,358.164211471102
"27","gpp",32,152,2015,431.090853866854,186.239868019942,283.348378729731
"27","gpp",32,152,2016,850.211142970784,367.30829774327,558.828782049528
"27","gpp",32,152,2017,1401.76915988998,502.468010445657,839.252143800655
"27","gpp",32,152,2018,657.003789746595,283.840805524261,431.838494016184
"27","gpp",32,152,2019,933.687455682703,403.3731093137,613.697329410785
"30","gpp",32,152,1990,705.607949685189,266.553020313805,433.6841363781
"30","gpp",32,152,1991,252.790208302797,111.25595046155,167.703353848696
"30","gpp",32,152,1992,457.744327055148,180.632808018898,287.547636315606
"30","gpp",32,152,1993,610.52792835205,268.940526305651,405.210688870986
"30","gpp",32,152,1994,543.584968698363,239.649856503741,360.929438735819
"30","gpp",32,152,1995,1141.25547705735,502.406814556013,757.214981906055
"30","gpp",32,152,1996,535.316726982854,235.672679363981,355.189424612285
"30","gpp",32,152,1997,926.415629285345,408.428696747353,615.121718130154
"30","gpp",32,152,1998,1076.7321151709,474.001457834324,714.403662006323
"30","gpp",32,152,1999,633.068023463864,278.602228162896,419.969239249392
"30","gpp",32,152,2000,572.030970710577,252.191104312102,379.81722210061
"30","gpp",32,152,2001,789.892978476954,331.0175400533,511.339838699094
"30","gpp",32,152,2002,1031.94697351636,454.954061387493,685.192284499614
"30","gpp",32,152,2003,1543.43652150002,680.455702577292,1024.81226701321
"30","gpp",32,152,2004,876.067108574701,386.238383365241,581.69643606898
"30","gpp",32,152,2005,661.176393920144,291.424410512096,438.956650300108
"30","gpp",32,152,2006,2889.87224001481,1272.58187961797,1917.70671559909
"30","gpp",32,152,2007,749.295179173256,314.91467923894,485.761310732576
"30","gpp",32,152,2008,1147.93425540405,506.090047678421,762.206075841127
"30","gpp",32,152,2009,505.231219159003,222.741488822286,335.463789334966
"30","gpp",32,152,2010,890.996880854913,392.813623870989,591.604355651956
"30","gpp",32,152,2011,1109.99302458403,489.362749827305,737.013730400982
"30","gpp",32,152,2012,574.2137914911,253.153588731992,381.266680966716
"30","gpp",32,152,2013,721.066349602465,317.896400021935,478.773847150804
"30","gpp",32,152,2014,537.760787527816,237.082544564872,357.062593776363
"30","gpp",32,152,2015,389.19535741602,171.584586458066,258.418119437525
"30","gpp",32,152,2016,710.615189906309,313.28879343903,471.834478864352
"30","gpp",32,152,2017,943.176513409677,356.275515665643,579.681549368924
"30","gpp",32,152,2018,588.012752254425,259.237057122105,390.428860926938
"30","gpp",32,152,2019,836.352239371003,368.722391984962,555.321346827993
"32","gpp",32,152,1990,962.292139903403,347.352284311491,578.14736267706
"32","gpp",32,152,1991,224.472755566282,99.359747177281,149.343751932424
"32","gpp",32,152,1992,517.711821258282,203.814004719037,324.83367987485
"32","gpp",32,152,1993,502.798245596432,222.588696011259,334.540290315021
"32","gpp",32,152,1994,650.121190908536,288.304468581531,432.93515040763
"32","gpp",32,152,1995,996.807111080064,441.651955842635,663.507204336439
"32","gpp",32,152,1996,374.284808333793,165.843272421809,249.143768599268
"32","gpp",32,152,1997,742.797861378751,329.403371244222,494.651513382057
"32","gpp",32,152,1998,774.336489477421,343.058703293317,515.405541290374
"32","gpp",32,152,1999,777.814137119436,305.585961701021,487.533671776927
"32","gpp",32,152,2000,591.416305716914,262.270810331265,393.841635360583
"32","gpp",32,152,2001,714.535468364493,288.198219782011,453.792738983065
"32","gpp",32,152,2002,1007.47665809778,446.782625069467,670.912114960776
"32","gpp",32,152,2003,1493.63129892461,662.407756382235,994.682340037729
"32","gpp",32,152,2004,764.365620044453,338.965289997752,509.012194414515
"32","gpp",32,152,2005,625.876779227604,277.489016769618,416.742045019222
"32","gpp",32,152,2006,2151.31765971061,953.355066379681,1432.12066191267
"32","gpp",32,152,2007,674.87080882265,285.305756230785,438.798959056682
"32","gpp",32,152,2008,1230.66395393815,545.746425302954,819.530630062689
"32","gpp",32,152,2009,575.98472993342,255.424388366399,383.56296399891
"32","gpp",32,152,2010,910.354270301285,403.703215955514,606.228460713834
"32","gpp",32,152,2011,847.706032845855,375.921891022208,564.509747390023
"32","gpp",32,152,2012,698.013007537483,309.539659669169,464.825460573973
"32","gpp",32,152,2013,792.945041188335,351.638053407155,528.043228100051
"32","gpp",32,152,2014,591.93171597209,262.49683279087,394.182953298514
"32","gpp",32,152,2015,458.167181119128,203.177659532298,305.105449860036
"32","gpp",32,152,2016,562.738485724073,249.550467289797,374.742114092339
"32","gpp",32,152,2017,550.85882673031,244.282636772721,366.831360005122
"32","gpp",32,152,2018,673.132759494937,298.506722086194,448.257351937108
"32","gpp",32,152,2019,593.67783430732,263.273178456177,395.347252952474
"34","gpp",32,152,1992,461.438567300361,177.38288044095,286.096665856635
"34","gpp",32,152,1993,428.210522870028,191.085795530692,286.050604644061
"34","gpp",32,152,1994,413.30751060681,184.593875654751,276.213749151138
"34","gpp",32,152,1995,601.008028929076,268.373809276408,401.615256345426
"34","gpp",32,152,1996,343.058553339538,138.785567436445,218.200769909626
"34","gpp",32,152,1997,579.550833683812,258.773547869061,387.262734332691
"34","gpp",32,152,1998,738.643523897957,329.921456116922,493.654076206962
"34","gpp",32,152,1999,650.048301209802,256.463675280696,408.305983838394
"34","gpp",32,152,2000,523.687196537894,233.918033142959,349.99982713752
"34","gpp",32,152,2001,507.431053005794,205.752377899409,323.117851218318
"34","gpp",32,152,2002,948.038499352355,423.443504847074,633.593517087827
"34","gpp",32,152,2003,1416.29567330134,632.873566608922,946.750280768378
"34","gpp",32,152,2004,496.006404586772,221.489869395388,331.451947906782
"34","gpp",32,152,2005,542.272753130167,242.143771551559,362.364415544057
"34","gpp",32,152,2006,1593.61107746683,711.739259991848,1065.00496195607
"34","gpp",32,152,2007,607.409657841283,258.538805068609,396.281424148822
"34","gpp",32,152,2008,1009.04414670312,450.682935533029,674.358197190916
"34","gpp",32,152,2009,572.158794346572,255.550822847622,382.381551195622
"34","gpp",32,152,2010,693.983599150558,309.966165877416,463.801073101937
"34","gpp",32,152,2011,653.39926417039,291.842870142694,436.680565865497
"34","gpp",32,152,2012,553.620532058509,247.269895426614,369.991474318171
"34","gpp",32,152,2013,664.954062540229,296.995299747363,444.39647964668
"34","gpp",32,152,2014,631.42773334428,282.024561062891,421.993044183618
"34","gpp",32,152,2015,382.44738587458,170.816969460409,255.594411975597
"34","gpp",32,152,2016,353.716116697643,157.984776384173,236.393235097698
"34","gpp",32,152,2017,356.56076195974,159.254552207039,238.293777678938
"34","gpp",32,152,2018,571.611480281974,255.304819758256,382.014614831866
"34","gpp",32,152,2019,432.549915185704,193.195668819934,289.079176286199
"36","gpp",32,152,1992,383.748945784002,130.646704524931,223.909658415166
"36","gpp",32,152,1993,427.835156825804,170.732054382044,270.268709364834
"36","gpp",32,152,1994,365.541662872641,146.192486320676,231.169731040086
"36","gpp",32,152,1995,599.985282498428,239.655493535432,379.196214368177
"36","gpp",32,152,1996,271.24763588358,97.0192793198163,162.222841026253
"36","gpp",32,152,1997,495.955416381866,198.216275103765,313.538570598181
"36","gpp",32,152,1998,824.239831759251,329.100942810474,520.824448095437
"36","gpp",32,152,1999,787.744097112032,227.756952191253,423.573127883352
"36","gpp",32,152,2000,459.818939702221,183.904035222662,290.796421028602
"36","gpp",32,152,2001,422.317797465479,151.857688523959,253.243370190884
"36","gpp",32,152,2002,1172.51316570331,469.000034207218,741.558301702074
"36","gpp",32,152,2003,1536.94035750823,614.740174535206,972.017995525192
"36","gpp",32,152,2004,654.491817356192,247.955914399526,402.846269735196
"36","gpp",32,152,2005,650.971344070744,260.123403588405,411.500767506211
"36","gpp",32,152,2006,1751.95704855993,644.069572718643,1062.25337264111
"36","gpp",32,152,2007,640.602593600955,242.868738921269,394.439278035996
"36","gpp",32,152,2008,1195.23100802618,477.695830469,755.61687976207
"36","gpp",32,152,2009,582.054512164766,232.794028573205,368.101636421311
"36","gpp",32,152,2010,862.207205115592,344.480057840072,544.989163092576
"36","gpp",32,152,2011,786.733279779169,314.342204835728,497.296163049171
"36","gpp",32,152,2012,987.975336579154,333.389411115385,573.916819459622
"36","gpp",32,152,2013,483.777832309681,162.385106932427,280.282562838192
"36","gpp",32,152,2014,791.934915675609,316.340902722335,500.521134540949
"36","gpp",32,152,2015,512.854939834967,194.391806490486,315.744830871526
"36","gpp",32,152,2016,475.549831629993,190.182648156432,300.734644345705
"36","gpp",32,152,2017,355.597292382879,142.245544997444,224.904714611806
"36","gpp",32,152,2018,805.372295351048,322.10321751696,509.326032744835
"36","gpp",32,152,2019,570.509061034742,191.473483633261,330.510752261803
